<workflow-app xmlns="uri:oozie:workflow:0.1" name="WorkflowRunnerTest">
	<start to="intersection0"/>
	<action name="intersection0">
		<map-reduce>
			<job-tracker>localhost.localdomain:8021</job-tracker>
			<name-node>hdfs://localhost.localdomain:8020</name-node>
			<prepare> <delete path="hdfs://localhost.localdomain:8020/user/cloudera/wordcount/output2"/></prepare>
			<configuration>
				<property>
					<name>mapred.job.queue.name</name>
					<value>default</value>
				</property>
				<property>
					<name>mapred.mapper.class</name>
					<value>MapperClass</value>
				</property>
				<property>
					<name>mapred.reducer.class</name>
					<value>ReducerClass</value>
				</property>
				<property>
					<name>mapred.output.key.class</name>
					<value>org.apache.hadoop.io.Text</value>
				</property>
				<property>
					<name>mapred.output.value.class</name>
					<value>org.apache.hadoop.io.IntWritable</value>
				</property>
				<property>
					<name>mapred.input.dir</name>
					<value>/user/cloudera/wordcount/input/</value>
				</property>
				<property>
					<name>mapred.output.dir</name>
					<value>/user/cloudera/wordcount/output2</value>
				</property>
			</configuration>
		</map-reduce>
		<ok to="end"/>
		<error to="fail"/>
	</action>
	<kill name="fail">
		<message>Map/Reduce failed, error message</message>
	</kill>
	<end name="end"/>
</workflow-app>

